product_id,created_date,product_name,category,price
1,2024-01-01,iPhone 13,Electronics,799.99
21,2024-01-01,iPhone 13,Electronics,799.99
1000,2024-01-01,iPhone 13,Electronics,799.99
100,2024-01-01,iPhone 13,Electronics,799.99
10,2024-01-01,iPhone 13,Electronics,799.99
2,2024-01-02,Nike Air Max,Shoes,129.99
3,2024-01-03,Coffee Maker,Appliances,59.99
4,2024-01-15,Python Book,Books,45.50
5,2024-01-20,Gaming Mouse,Electronics,89.99
6,2024-01-25,Smart Watch,Electronics,299.99
7,2024-01-30,Desk Lamp,Home,34.99
8,2024-01-31,Bluetooth Speaker,Electronics,79.99
1,2024-01-01,iPhone 13,Electronics,799.99
21,2024-01-01,iPhone 13,Electronics,799.99
1000,2024-01-01,iPhone 13,Electronics,799.99
100,2024-01-01,iPhone 13,Electronics,799.99
10,2024-01-01,iPhone 13,Electronics,799.99
2,2024-01-02,Nike Air Max,Shoes,129.99
3,2024-01-03,Coffee Maker,Appliances,59.99
4,2024-01-15,Python Book,Books,45.50
5,2024-01-20,Gaming Mouse,Electronics,89.99
6,2024-01-25,Smart Watch,Electronics,299.99
7,2024-01-30,Desk Lamp,Home,34.99
8,2024-01-31,Bluetooth Speaker,Electronics,79.99
